customer,company,company_key,customer_key
Customer 1,Company 2,1,1
Customer 2,Company 2,1,2
Customer 3,Company 2,1,3
Customer 4,Company 2,1,4
Customer 5,Company 2,1,5
Customer 6,Company 2,1,6
Customer 7,Company 2,1,7
Customer 8,Company 2,1,8
Customer 9,Company 2,1,9
Customer 10,Company 2,1,10
Customer 11,Company 2,1,11
Customer 12,Company 2,1,12
Customer 13,Company 2,1,13
Customer 14,Company 2,1,14
Customer 15,Company 2,1,15
Customer 16,Company 2,1,16
Customer 17,Company 2,1,17
Customer 18,Company 2,1,18
Customer 19,Company 2,1,19
Customer 20,Company 2,1,20
Customer 21,Company 2,1,21
Customer 22,Company 2,1,22
Customer 23,Company 2,1,23
Customer 24,Company 2,1,24
Customer 25,Company 2,1,25
Customer 26,Company 2,1,26
Customer 27,Company 2,1,27
Customer 28,Company 2,1,28
Customer 29,Company 2,1,29
Customer 30,Company 2,1,30
Customer 31,Company 2,1,31
Customer 32,Company 2,1,32
Customer 33,Company 2,1,33
Customer 34,Company 2,1,34
Customer 35,Company 2,1,35
Customer 36,Company 2,1,36
Customer 37,Company 2,1,37
Customer 38,Company 2,1,38
Customer 39,Company 2,1,39
Customer 40,Company 2,1,40
Customer 41,Company 2,1,41
Customer 42,Company 2,1,42
Customer 43,Company 2,1,43
Customer  43,Company 2,1,44
Customer 44,Company 2,1,45
Customer 45,Company 2,1,46
Customer 46,Company 2,1,47
Customer 47,Company 2,1,48
Customer 48,Company 2,1,49
Customer 49,Company 2,1,50
Customer 50,Company 2,1,51
Customer 51,Company 2,1,52
Customer 52,Company 2,1,53
Customer 53,Company 2,1,54
Customer 54,Company 2,1,55
Customer 55,Company 2,1,56
Customer 56,Company 2,1,57
Customer 57,Company 2,1,58
Customer 58,Company 2,1,59
Customer 59,Company 2,1,60
Customer 60,Company 2,1,61
Customer 61,Company 2,1,62
Customer 62,Company 2,1,63
Customer 63,Company 2,1,64
Customer 64,Company 2,1,65
Customer 65,Company 2,1,66
Customer 66,Company 2,1,67
Customer 67,Company 2,1,68
Customer 68,Company 2,1,69
Customer 69,Company 2,1,70
Customer 70,Company 2,1,71
Customer 71,Company 2,1,72
Customer 72,Company 2,1,73
Customer 73,Company 2,1,74
Customer 74,Company 2,1,75
Customer 75,Company 2,1,76
Customer 76,Company 2,1,77
Customer 77,Company 2,1,78
Customer 78,Company 2,1,79
Customer 79,Company 2,1,80
Customer 80,Company 2,1,81
Customer 81,Company 2,1,82
Customer 82,Company 2,1,83
Customer 83,Company 2,1,84
Customer 84,Company 2,1,85
Customer 85,Company 2,1,86
Customer 86,Company 2,1,87
Customer 87,Company 2,1,88
Customer 88,Company 2,1,89
Customer 89,Company 2,1,90
Customer 90,Company 2,1,91
Customer 91,Company 2,1,92
Customer 92,Company 2,1,93
Customer 93,Company 2,1,94
Customer 94,Company 2,1,95
Customer 95,Company 2,1,96
Customer 96,Company 2,1,97
Customer 97,Company 2,1,98
Customer 98,Company 2,1,99
Customer 99,Company 2,1,100
Customer 100,Company 2,1,101
Customer 101,Company 2,1,102
Customer 102,Company 2,1,103
Customer 103,Company 2,1,104
Customer 104,Company 2,1,105
Customer 105,Company 2,1,106
Customer 106,Company 2,1,107
Customer 107,Company 2,1,108
Customer 108,Company 2,1,109
Customer 109,Company 2,1,110
Customer 110,Company 2,1,111
Customer 111,Company 2,1,112
Customer 112,Company 2,1,113
Customer 113,Company 2,1,114
Customer 114,Company 2,1,115
Customer 115,Company 2,1,116
Customer 116,Company 2,1,117
Customer 117,Company 2,1,118
Customer 118,Company 2,1,119
Customer 119,Company 2,1,120
Customer 120,Company 2,1,121
Customer 121,Company 2,1,122
Customer 122,Company 2,1,123
Customer 123,Company 2,1,124
Customer 124,Company 2,1,125
Customer 125,Company 2,1,126
Customer 126,Company 2,1,127
Customer 127,Company 2,1,128
Customer 128,Company 2,1,129
Customer 129,Company 2,1,130
Customer 130,Company 2,1,131
Customer 131,Company 2,1,132
Customer 132,Company 2,1,133
Customer 133,Company 2,1,134
Customer 134,Company 2,1,135
Customer 135,Company 2,1,136
Customer 136,Company 2,1,137
Customer 137,Company 2,1,138
Customer 138,Company 2,1,139
Customer 139,Company 2,1,140
Customer 140,Company 2,1,141
Customer 141,Company 2,1,142
Customer 142,Company 2,1,143
Customer 143,Company 2,1,144
Customer 144,Company 2,1,145
Customer 145,Company 2,1,146
Customer 146,Company 2,1,147
Customer 147,Company 2,1,148
Customer 148,Company 2,1,149
Customer 149,Company 2,1,150
Customer 150,Company 2,1,151
Customer 151,Company 2,1,152
Customer 152,Company 2,1,153
Customer 153,Company 2,1,154
Customer 154,Company 2,1,155
Customer 155,Company 2,1,156
Customer 156,Company 2,1,157
Customer 157,Company 2,1,158
Customer 158,Company 2,1,159
Customer 159,Company 2,1,160
Customer 160,Company 2,1,161
Customer 161,Company 2,1,162
Customer 162,Company 2,1,163
Customer 163,Company 2,1,164
Customer 164,Company 2,1,165
Customer 165,Company 2,1,166
Customer 166,Company 2,1,167
Customer 167,Company 2,1,168
Customer 168,Company 2,1,169
Customer 169,Company 2,1,170
Customer 170,Company 2,1,171
Customer 171,Company 2,1,172
Customer 172,Company 2,1,173
Customer 173,Company 2,1,174
Customer 174,Company 2,1,175
Customer 175,Company 2,1,176
Customer 176,Company 2,1,177
Customer 177,Company 2,1,178
Customer 178,Company 2,1,179
Customer 179,Company 2,1,180
Customer 180,Company 2,1,181
Customer 181,Company 2,1,182
Customer 182,Company 2,1,183
Customer 183,Company 2,1,184
Customer 184,Company 2,1,185
Customer 185,Company 2,1,186
Customer 186,Company 2,1,187
Customer 187,Company 2,1,188
Customer 188,Company 2,1,189
Customer 189,Company 2,1,190
Customer 190,Company 2,1,191
Customer 191,Company 2,1,192
Customer 192,Company 2,1,193
Customer 193,Company 2,1,194
Customer 194,Company 2,1,195
Customer 195,Company 2,1,196
Customer 196,Company 2,1,197
Customer 197,Company 2,1,198
Customer 198,Company 2,1,199
Customer 199,Company 2,1,200
Customer 200,Company 2,1,201
Customer 201,Company 2,1,202
Customer 202,Company 2,1,203
Customer 203,Company 2,1,204
Customer 204,Company 2,1,205
Customer 205,Company 2,1,206
Customer 206,Company 2,1,207
Customer 207,Company 2,1,208
Customer 208,Company 2,1,209
Customer 209,Company 2,1,210
Customer 210,Company 2,1,211
Customer 211,Company 2,1,212
Customer 212,Company 2,1,213
Customer 213,Company 2,1,214
Customer 214,Company 2,1,215
Customer 215,Company 2,1,216
Customer 216,Company 2,1,217
Customer 217,Company 2,1,218
Customer 218,Company 2,1,219
Customer 219,Company 2,1,220
Customer 220,Company 2,1,221
Customer 221,Company 2,1,222
Customer 222,Company 2,1,223
Customer 223,Company 2,1,224
Customer 224,Company 2,1,225
Customer 225,Company 2,1,226
Customer 226,Company 2,1,227
Customer 227,Company 2,1,228
Customer 228,Company 2,1,229
Customer 229,Company 2,1,230
Customer 230,Company 2,1,231
Customer 231,Company 2,1,232
Customer 232,Company 2,1,233
Customer 233,Company 2,1,234
Customer 234,Company 2,1,235
Customer 235,Company 2,1,236
Customer 236,Company 2,1,237
Customer 237,Company 2,1,238
Customer 238,Company 2,1,239
Customer 239,Company 2,1,240
Customer 240,Company 2,1,241
Customer 241,Company 2,1,242
Customer 242,Company 2,1,243
Customer 243,Company 2,1,244
Customer 244,Company 2,1,245
Customer 245,Company 2,1,246
Customer 246,Company 2,1,247
Customer 247,Company 2,1,248
Customer 248,Company 2,1,249
Customer 249,Company 2,1,250
Customer 250,Company 2,1,251
Customer 251,Company 2,1,252
Customer 252,Company 2,1,253
Customer 253,Company 2,1,254
Customer 254,Company 2,1,255
Customer 255,Company 2,1,256
Customer 256,Company 2,1,257
Customer 257,Company 2,1,258
Customer 258,Company 2,1,259
Customer 259,Company 2,1,260
Customer 260,Company 2,1,261
Customer 261,Company 2,1,262
Customer 262,Company 2,1,263
Customer 263,Company 2,1,264
Customer 264,Company 2,1,265
Customer 265,Company 2,1,266
Customer 266,Company 2,1,267
Customer 267,Company 2,1,268
Customer 268,Company 2,1,269
Customer 269,Company 2,1,270
Customer 270,Company 2,1,271
Customer 271,Company 2,1,272
Customer 272,Company 2,1,273
Customer 273,Company 2,1,274
Customer 274,Company 2,1,275
Customer 275,Company 2,1,276
Customer 276,Company 2,1,277
Customer 277,Company 2,1,278
Customer 278,Company 2,1,279
Customer 279,Company 2,1,280
Customer 280,Company 2,1,281
Customer 281,Company 2,1,282
Customer 282,Company 2,1,283
Customer 283,Company 2,1,284
Customer 284,Company 2,1,285
Customer 285,Company 2,1,286
Customer 286,Company 2,1,287
Customer 287,Company 2,1,288
Customer 288,Company 2,1,289
Customer 289,Company 2,1,290
Customer 290,Company 2,1,291
Customer 291,Company 2,1,292
Customer 292,Company 2,1,293
Customer 293,Company 2,1,294
Customer 294,Company 2,1,295
Customer 295,Company 2,1,296
Customer 296,Company 2,1,297
Customer 297,Company 2,1,298
Customer 298,Company 2,1,299
Customer 299,Company 2,1,300
Customer 300,Company 2,1,301
Customer 301,Company 2,1,302
Customer 302,Company 2,1,303
Customer 303,Company 2,1,304
Customer 304,Company 2,1,305
Customer 305,Company 2,1,306
Customer 306,Company 2,1,307
Customer 307,Company 2,1,308
Customer 308,Company 2,1,309
Customer 309,Company 2,1,310
Customer 310,Company 2,1,311
Customer 311,Company 2,1,312
Customer 312,Company 2,1,313
Customer 313,Company 2,1,314
Customer 314,Company 2,1,315
Customer 315,Company 2,1,316
Customer 316,Company 2,1,317
Customer 317,Company 2,1,318
Customer 318,Company 2,1,319
Customer 319,Company 2,1,320
Customer 320,Company 2,1,321
Customer 321,Company 2,1,322
Customer 322,Company 2,1,323
Customer 323,Company 2,1,324
Customer 324,Company 2,1,325
Customer 325,Company 2,1,326
Customer 326,Company 2,1,327
Customer 327,Company 2,1,328
Customer 328,Company 2,1,329
Customer 329,Company 2,1,330
Customer 330,Company 2,1,331
Customer 331,Company 2,1,332
Customer 332,Company 2,1,333
Customer 333,Company 2,1,334
Customer 334,Company 2,1,335
Customer 335,Company 2,1,336
Customer 336,Company 2,1,337
Customer 337,Company 2,1,338
Customer 338,Company 2,1,339
Customer 339,Company 2,1,340
Customer 340,Company 2,1,341
Customer 341,Company 2,1,342
Customer 342,Company 2,1,343
Customer 343,Company 2,1,344
Customer 344,Company 2,1,345
Customer 345,Company 2,1,346
Customer 346,Company 2,1,347
Customer 347,Company 2,1,348
Customer 348,Company 2,1,349
Customer 349,Company 2,1,350
Customer 350,Company 2,1,351
Customer 351,Company 2,1,352
Customer 352,Company 2,1,353
Customer 353,Company 2,1,354
Customer 354,Company 2,1,355
Customer 355,Company 2,1,356
Customer 356,Company 2,1,357
Customer 357,Company 2,1,358
Customer 358,Company 2,1,359
Customer 359,Company 2,1,360
Customer 360,Company 2,1,361
Customer 361,Company 2,1,362
Customer 362,Company 2,1,363
Customer 363,Company 2,1,364
Customer 364,Company 2,1,365
Customer 365,Company 2,1,366
Customer 366,Company 2,1,367
Customer 367,Company 2,1,368
Customer 368,Company 2,1,369
Customer 369,Company 2,1,370
Customer 370,Company 2,1,371
Customer 371,Company 2,1,372
Customer 372,Company 2,1,373
Customer 373,Company 2,1,374
Customer 374,Company 2,1,375
Customer 375,Company 2,1,376
Customer 376,Company 2,1,377
Customer 377,Company 2,1,378
Customer 378,Company 2,1,379
Customer 379,Company 2,1,380
Customer 380,Company 2,1,381
Customer 381,Company 2,1,382
Customer 382,Company 2,1,383
Customer 383,Company 2,1,384
Customer 384,Company 2,1,385
Customer 385,Company 2,1,386
Customer 386,Company 2,1,387
Customer 387,Company 2,1,388
Customer 388,Company 2,1,389
Customer 389,Company 2,1,390
Customer 390,Company 2,1,391
Customer 391,Company 2,1,392
Customer 392,Company 2,1,393
Customer 393,Company 2,1,394
Customer 394,Company 2,1,395
Customer 395,Company 2,1,396
Customer 396,Company 2,1,397
Customer 397,Company 2,1,398
Customer 398,Company 2,1,399
Customer 399,Company 2,1,400
Customer 400,Company 2,1,401
Customer 401,Company 2,1,402
Customer 402,Company 2,1,403
Customer 403,Company 2,1,404
Customer 404,Company 2,1,405
Customer 405,Company 2,1,406
Customer 406,Company 2,1,407
Customer 407,Company 2,1,408
Customer 408,Company 2,1,409
Customer 409,Company 2,1,410
Customer 410,Company 2,1,411
Customer 411,Company 2,1,412
Customer 412,Company 2,1,413
Customer 413,Company 2,1,414
Customer 414,Company 2,1,415
Customer 415,Company 2,1,416
Customer 416,Company 2,1,417
Customer 417,Company 2,1,418
Customer 418,Company 2,1,419
Customer 419,Company 2,1,420
Customer 420,Company 2,1,421
Customer 421,Company 2,1,422
Customer 422,Company 2,1,423
Customer 423,Company 2,1,424
Customer 424,Company 2,1,425
Customer 425,Company 2,1,426
Customer 426,Company 2,1,427
Customer 427,Company 2,1,428
Customer 428,Company 2,1,429
Customer 429,Company 2,1,430
Customer 430,Company 1,2,431
Customer 431,Company 1,2,432
Customer 432,Company 1,2,433
Customer 433,Company 1,2,434
Customer 434,Company 1,2,435
Customer 435,Company 1,2,436
Customer 436,Company 1,2,437
Customer 437,Company 1,2,438
Customer 438,Company 1,2,439
Customer 439,Company 1,2,440
Customer 440,Company 1,2,441
Customer 441,Company 1,2,442
Customer 442,Company 1,2,443
Customer 443,Company 1,2,444
Customer 444,Company 1,2,445
Customer 445,Company 1,2,446
Customer 446,Company 1,2,447
Customer 447,Company 1,2,448
Customer 448,Company 1,2,449
Customer 449,Company 1,2,450
Customer 450,Company 1,2,451
Customer 451,Company 1,2,452
Customer 452,Company 1,2,453
Customer 453,Company 1,2,454
Customer 454,Company 1,2,455
Customer 455,Company 1,2,456
Customer 456,Company 1,2,457
Customer 457,Company 1,2,458
Customer 458,Company 1,2,459
Customer 459,Company 1,2,460
Customer 460,Company 1,2,461
Customer 461,Company 1,2,462
Customer 462,Company 1,2,463
Customer 463,Company 1,2,464
Customer 464,Company 1,2,465
Customer 465,Company 1,2,466
Customer 466,Company 1,2,467
Customer 467,Company 1,2,468
Customer 468,Company 1,2,469
Customer 469,Company 1,2,470
Customer 470,Company 1,2,471
Customer 471,Company 1,2,472
Customer 472,Company 1,2,473
Customer 473,Company 1,2,474
Customer 474,Company 1,2,475
Customer 475,Company 1,2,476
Customer 476,Company 1,2,477
Customer 477,Company 1,2,478
Customer 478,Company 1,2,479
Customer 479,Company 1,2,480
Customer 480,Company 1,2,481
Customer 481,Company 1,2,482
Customer 482,Company 1,2,483
Customer 483,Company 1,2,484
Customer 484,Company 1,2,485
Customer 485,Company 1,2,486
Customer 486,Company 1,2,487
Customer 487,Company 1,2,488
Customer 488,Company 1,2,489
Customer 489,Company 1,2,490
Customer 490,Company 1,2,491
Customer 491,Company 1,2,492
Customer 492,Company 1,2,493
Customer 493,Company 1,2,494
Customer 494,Company 1,2,495
Customer 495,Company 1,2,496
Customer 496,Company 1,2,497
Customer 497,Company 1,2,498
Customer 498,Company 1,2,499
Customer 499,Company 1,2,500
Customer 500,Company 1,2,501
Customer 501,Company 1,2,502
Customer 502,Company 1,2,503
Customer 503,Company 1,2,504
Customer 504,Company 1,2,505
Customer 505,Company 1,2,506
Customer 506,Company 1,2,507
Customer 507,Company 1,2,508
Customer 508,Company 1,2,509
Customer 509,Company 1,2,510
Customer 510,Company 1,2,511
Customer 511,Company 1,2,512
Customer 512,Company 1,2,513
Customer 513,Company 1,2,514
Customer 514,Company 1,2,515
Customer 515,Company 1,2,516
Customer 516,Company 1,2,517
Customer 517,Company 1,2,518
Customer 518,Company 1,2,519
Customer 519,Company 1,2,520
Customer 520,Company 1,2,521
Customer 521,Company 1,2,522
Customer 522,Company 1,2,523
Customer 523,Company 1,2,524
Customer 524,Company 1,2,525
Customer 525,Company 1,2,526
Customer 526,Company 1,2,527
Customer 527,Company 1,2,528
Customer 528,Company 1,2,529
Customer 529,Company 1,2,530
Customer 530,Company 1,2,531
Customer 531,Company 1,2,532
Customer 532,Company 1,2,533
Customer 533,Company 1,2,534
Customer 534,Company 1,2,535
Customer 535,Company 1,2,536
Customer 536,Company 1,2,537
Customer 537,Company 1,2,538
Customer 538,Company 1,2,539
Customer 539,Company 1,2,540
Customer 540,Company 1,2,541
Customer 541,Company 1,2,542
Customer 542,Company 1,2,543
Customer 543,Company 1,2,544
Customer 544,Company 1,2,545
Customer 545,Company 1,2,546
Customer 546,Company 1,2,547
Customer 547,Company 1,2,548
Customer 548,Company 1,2,549
Customer 549,Company 1,2,550
Customer 550,Company 1,2,551
Customer 551,Company 1,2,552
Customer 552,Company 1,2,553
Customer 553,Company 1,2,554
Customer 554,Company 1,2,555
Customer 555,Company 1,2,556
Customer 556,Company 1,2,557
Customer 557,Company 1,2,558
Customer 558,Company 1,2,559
Customer 559,Company 1,2,560
Customer 560,Company 1,2,561
Customer 561,Company 1,2,562
Customer 562,Company 1,2,563
Customer 563,Company 1,2,564
Customer 564,Company 1,2,565
Customer 565,Company 1,2,566
Customer 566,Company 1,2,567
Customer 567,Company 1,2,568
Customer 568,Company 1,2,569
Customer 569,Company 1,2,570
Customer 570,Company 1,2,571
Customer 571,Company 1,2,572
Customer 572,Company 1,2,573
Customer 573,Company 1,2,574
Customer 574,Company 1,2,575
Customer 575,Company 1,2,576
Customer 576,Company 1,2,577
Customer 577,Company 1,2,578
Customer 578,Company 1,2,579
Customer 579,Company 1,2,580
Customer 580,Company 1,2,581
Customer 581,Company 1,2,582
Customer 582,Company 1,2,583
Customer 583,Company 1,2,584
Customer 584,Company 1,2,585
Customer 585,Company 1,2,586
Customer 586,Company 1,2,587
Customer 587,Company 1,2,588
Customer 588,Company 1,2,589
Customer 589,Company 1,2,590
Customer 590,Company 1,2,591
Customer 591,Company 1,2,592
Customer 592,Company 1,2,593
Customer 593,Company 1,2,594
Customer 594,Company 1,2,595
Customer 595,Company 1,2,596
Customer 596,Company 1,2,597
Customer 597,Company 1,2,598
Customer 598,Company 1,2,599
Customer 599,Company 1,2,600
Customer 600,Company 1,2,601
Customer 601,Company 1,2,602
Customer 602,Company 1,2,603
Customer 603,Company 1,2,604
Customer 604,Company 1,2,605
Customer 605,Company 1,2,606
Customer 606,Company 1,2,607
Customer 607,Company 1,2,608
Customer 608,Company 1,2,609
Customer 609,Company 1,2,610
Customer 610,Company 1,2,611
Customer 611,Company 1,2,612
Customer 612,Company 1,2,613
Customer 613,Company 1,2,614
Customer 614,Company 1,2,615
Customer 615,Company 1,2,616
Customer 616,Company 1,2,617
Customer 617,Company 1,2,618
Customer 618,Company 1,2,619
Customer 619,Company 1,2,620
Customer 620,Company 1,2,621
Customer 621,Company 1,2,622
Customer 622,Company 1,2,623
Customer 623,Company 1,2,624
Customer 624,Company 1,2,625
Customer 625,Company 1,2,626
Customer 626,Company 1,2,627
Customer 627,Company 1,2,628
Customer 628,Company 1,2,629
Customer 629,Company 1,2,630
Customer 630,Company 1,2,631
Customer 631,Company 1,2,632
Customer 632,Company 1,2,633
Customer 633,Company 1,2,634
Customer 634,Company 1,2,635
Customer 635,Company 1,2,636
Customer 636,Company 1,2,637
Customer 637,Company 1,2,638
Customer 638,Company 1,2,639
Customer 639,Company 1,2,640
Customer 640,Company 1,2,641
Customer 641,Company 1,2,642
Customer 642,Company 1,2,643
Customer 643,Company 1,2,644
Customer 644,Company 1,2,645
Customer 645,Company 1,2,646
Customer 646,Company 1,2,647
Customer 647,Company 1,2,648
Customer 648,Company 1,2,649
Customer 649,Company 1,2,650
Customer 650,Company 1,2,651
Customer 651,Company 1,2,652
Customer 652,Company 1,2,653
Customer 653,Company 1,2,654
Customer 654,Company 1,2,655
Customer 655,Company 1,2,656
Customer 656,Company 1,2,657
Customer 657,Company 1,2,658
Customer 658,Company 1,2,659
Customer 659,Company 1,2,660
Customer 660,Company 1,2,661
Customer 661,Company 1,2,662
Customer 662,Company 1,2,663
Customer 663,Company 1,2,664
Customer 664,Company 1,2,665
Customer 665,Company 1,2,666
Customer 666,Company 1,2,667
Customer 667,Company 1,2,668
Customer 668,Company 1,2,669
Customer 669,Company 1,2,670
Customer 670,Company 1,2,671
Customer 671,Company 1,2,672
Customer 672,Company 1,2,673
Customer 673,Company 1,2,674
Customer 674,Company 1,2,675
Customer 675,Company 1,2,676
Customer 676,Company 1,2,677
Customer 677,Company 1,2,678
Customer 678,Company 1,2,679
Customer 679,Company 1,2,680
Customer 680,Company 1,2,681
Customer 681,Company 1,2,682
Customer 682,Company 1,2,683
Customer 683,Company 1,2,684
Customer 684,Company 1,2,685
Customer 685,Company 1,2,686
Customer 686,Company 1,2,687
Customer 687,Company 1,2,688
Customer 688,Company 1,2,689
Customer 689,Company 1,2,690
Customer 690,Company 1,2,691
Customer 691,Company 1,2,692
Customer 692,Company 1,2,693
Customer 693,Company 1,2,694
Customer 694,Company 1,2,695
Customer 695,Company 1,2,696
Customer 696,Company 1,2,697
Customer 697,Company 1,2,698
Customer 698,Company 1,2,699
Customer 699,Company 1,2,700
Customer 700,Company 1,2,701
Customer 701,Company 1,2,702
Customer 702,Company 1,2,703
Customer 703,Company 1,2,704
Customer 704,Company 1,2,705
Customer 705,Company 1,2,706
Customer 706,Company 1,2,707
Customer 707,Company 1,2,708
Customer 708,Company 1,2,709
Customer 709,Company 1,2,710
Customer 710,Company 1,2,711
Customer 711,Company 1,2,712
Customer 712,Company 1,2,713
Customer 713,Company 1,2,714
Customer 714,Company 1,2,715
Customer 715,Company 1,2,716
Customer 716,Company 1,2,717
Customer 717,Company 1,2,718
Customer 718,Company 1,2,719
Customer 719,Company 1,2,720
Customer 720,Company 1,2,721
Customer 721,Company 1,2,722
Customer 722,Company 1,2,723
Customer 723,Company 1,2,724
Customer 724,Company 1,2,725
Customer 725,Company 1,2,726
Customer 726,Company 1,2,727
Customer 727,Company 1,2,728
Customer 728,Company 1,2,729
Customer 729,Company 1,2,730
Customer 730,Company 1,2,731
Customer 731,Company 1,2,732
Customer 732,Company 1,2,733
Customer 733,Company 1,2,734
Customer 734,Company 1,2,735
Customer 735,Company 1,2,736
Customer 736,Company 1,2,737
Customer 737,Company 1,2,738
Customer 738,Company 1,2,739
Customer 739,Company 1,2,740
Customer 740,Company 1,2,741
Customer 741,Company 1,2,742
Customer 742,Company 1,2,743
Customer 743,Company 1,2,744
Customer 744,Company 1,2,745
Customer 745,Company 1,2,746
Customer 746,Company 1,2,747
Customer 747,Company 1,2,748
Customer 748,Company 1,2,749
Customer 749,Company 1,2,750
Customer 750,Company 1,2,751
Customer 751,Company 1,2,752
Customer 752,Company 1,2,753
Customer 753,Company 1,2,754
Customer 754,Company 1,2,755
Customer 755,Company 1,2,756
Customer 756,Company 1,2,757
Customer 757,Company 1,2,758
Customer 758,Company 1,2,759
Customer 759,Company 1,2,760
Customer 760,Company 1,2,761
Customer 761,Company 1,2,762
Customer 762,Company 1,2,763
Customer 763,Company 1,2,764
Customer 764,Company 1,2,765
Customer 765,Company 1,2,766
Customer 766,Company 1,2,767
Customer 767,Company 1,2,768
Customer 768,Company 1,2,769
Customer 769,Company 1,2,770
Customer 770,Company 1,2,771
Customer 771,Company 1,2,772
Customer 772,Company 1,2,773
Customer 773,Company 1,2,774
Customer 774,Company 1,2,775
Customer 775,Company 1,2,776
Customer 776,Company 1,2,777
Customer 777,Company 1,2,778
Customer 778,Company 1,2,779
Customer 779,Company 1,2,780
Customer 780,Company 1,2,781
Customer 781,Company 1,2,782
Customer 782,Company 1,2,783
Customer 783,Company 1,2,784
Customer 784,Company 1,2,785
Customer 785,Company 1,2,786
Customer 786,Company 1,2,787
Customer 787,Company 1,2,788
Customer 788,Company 1,2,789
Customer 789,Company 1,2,790
Customer 790,Company 1,2,791
Customer 791,Company 1,2,792
Customer 792,Company 1,2,793
Customer 793,Company 3,3,794
Customer 794,Company 3,3,795
Customer 795,Company 3,3,796
Customer 796,Company 3,3,797
Customer 797,Company 3,3,798
Customer 798,Company 3,3,799
Customer 799,Company 3,3,800
Customer 800,Company 3,3,801
Customer 801,Company 3,3,802
Customer 802,Company 3,3,803
Customer 803,Company 3,3,804
Customer 804,Company 3,3,805
Customer 805,Company 3,3,806
Customer 806,Company 3,3,807
Customer 807,Company 3,3,808
Customer 808,Company 3,3,809
Customer 809,Company 3,3,810
Customer 810,Company 3,3,811
Customer 811,Company 3,3,812
Customer 812,Company 3,3,813
Customer 813,Company 3,3,814
Customer 814,Company 3,3,815
Customer 815,Company 3,3,816
Customer 816,Company 3,3,817
Customer 817,Company 3,3,818
Customer 818,Company 3,3,819
Customer 819,Company 3,3,820
Customer 820,Company 3,3,821
Customer 821,Company 3,3,822
Customer 822,Company 3,3,823
Customer 823,Company 3,3,824
Customer 824,Company 3,3,825
Customer 825,Company 3,3,826
Customer 826,Company 3,3,827
Customer 827,Company 3,3,828
Customer 828,Company 3,3,829
Customer 829,Company 3,3,830
Customer 830,Company 3,3,831
Customer 831,Company 3,3,832
Customer 832,Company 3,3,833
Customer 833,Company 3,3,834
Customer 834,Company 3,3,835
Customer 835,Company 3,3,836
Customer 836,Company 3,3,837
Customer 837,Company 3,3,838
Customer 838,Company 3,3,839
Customer 839,Company 3,3,840
Customer 840,Company 3,3,841
Customer 841,Company 3,3,842
Customer 842,Company 3,3,843
Customer 843,Company 3,3,844
Customer 844,Company 3,3,845
Customer 845,Company 3,3,846
Customer 846,Company 3,3,847
Customer 847,Company 3,3,848
Customer 848,Company 3,3,849
Customer 849,Company 3,3,850
Customer 850,Company 3,3,851
Customer 851,Company 3,3,852
Customer 852,Company 3,3,853
Customer 853,Company 3,3,854
Customer 854,Company 3,3,855
Customer 855,Company 3,3,856
Customer 856,Company 3,3,857
Customer 857,Company 3,3,858
Customer 858,Company 3,3,859
Customer 859,Company 3,3,860
Customer 860,Company 3,3,861
Customer 861,Company 3,3,862
Customer 862,Company 3,3,863
Customer 863,Company 3,3,864
Customer 864,Company 3,3,865
Customer 865,Company 3,3,866
Customer 866,Company 3,3,867
Customer 867,Company 3,3,868
Customer 868,Company 3,3,869
Customer 869,Company 3,3,870
Customer 870,Company 3,3,871
Customer 871,Company 3,3,872
Customer 872,Company 3,3,873
Customer 873,Company 3,3,874
Customer 874,Company 3,3,875
Customer 875,Company 3,3,876
Customer 876,Company 3,3,877
Customer 877,Company 3,3,878
Customer 878,Company 3,3,879
Customer 879,Company 3,3,880
Customer 880,Company 3,3,881
Customer 881,Company 3,3,882
Customer 882,Company 3,3,883
Customer 883,Company 3,3,884
Customer 884,Company 3,3,885
Customer 885,Company 3,3,886
Customer 886,Company 3,3,887
Customer 887,Company 3,3,888
Customer 888,Company 3,3,889
Customer 889,Company 3,3,890
Customer 890,Company 3,3,891
Customer 891,Company 3,3,892
Customer 892,Company 3,3,893
Customer 893,Company 3,3,894
Customer 894,Company 3,3,895
Customer 895,Company 3,3,896
Customer 896,Company 3,3,897
Customer 897,Company 3,3,898
Customer 898,Company 3,3,899
Customer 899,Company 3,3,900
Customer 900,Company 3,3,901
Customer 901,Company 3,3,902
Customer 902,Company 3,3,903
Customer 903,Company 3,3,904
Customer 904,Company 3,3,905
Customer 905,Company 3,3,906
Customer 906,Company 3,3,907
Customer 907,Company 3,3,908
Customer 908,Company 3,3,909
Customer 909,Company 3,3,910
Customer 910,Company 3,3,911
Customer 911,Company 3,3,912
Customer 912,Company 3,3,913
Customer 913,Company 3,3,914
Customer 914,Company 3,3,915
Customer 915,Company 3,3,916
Customer 916,Company 3,3,917
Customer 917,Company 3,3,918
Customer 918,Company 3,3,919
Customer 919,Company 3,3,920
Customer 920,Company 3,3,921
Customer 921,Company 3,3,922
Customer 922,Company 3,3,923
Customer 923,Company 3,3,924
Customer 924,Company 3,3,925
Customer 925,Company 3,3,926
Customer 926,Company 3,3,927
Customer 927,Company 3,3,928
Customer 928,Company 3,3,929
Customer 929,Company 3,3,930
Customer 930,Company 3,3,931
Customer 931,Company 3,3,932
Customer 932,Company 3,3,933
Customer 933,Company 3,3,934
Customer 934,Company 3,3,935
Customer 935,Company 3,3,936
Customer 936,Company 3,3,937
Customer 937,Company 3,3,938
Customer 938,Company 3,3,939
Customer 939,Company 3,3,940
Customer 940,Company 3,3,941
Customer 941,Company 3,3,942
Customer 942,Company 3,3,943
Customer 943,Company 3,3,944
Customer 944,Company 3,3,945
Customer 945,Company 3,3,946
Customer 946,Company 3,3,947
Customer 947,Company 3,3,948
Customer 948,Company 3,3,949
Customer 949,Company 3,3,950
Customer 950,Company 3,3,951
Customer 951,Company 3,3,952
Customer 952,Company 3,3,953
Customer 953,Company 3,3,954
Customer 954,Company 3,3,955
Customer 955,Company 3,3,956
Customer 956,Company 3,3,957
Customer 957,Company 3,3,958
Customer 958,Company 3,3,959
Customer 959,Company 3,3,960
Customer 960,Company 3,3,961
Customer 961,Company 3,3,962
Customer 962,Company 3,3,963
Customer 963,Company 3,3,964
Customer 964,Company 3,3,965
Customer 965,Company 3,3,966
Customer 966,Company 3,3,967
Customer 967,Company 3,3,968
Customer 968,Company 3,3,969
Customer 969,Company 3,3,970
Customer 970,Company 3,3,971
Customer 971,Company 3,3,972
Customer 972,Company 3,3,973
Customer 973,Company 3,3,974
Customer 974,Company 3,3,975
Customer 975,Company 3,3,976
Customer 976,Company 3,3,977
Customer 977,Company 3,3,978
Customer 978,Company 3,3,979
Customer 979,Company 3,3,980
Customer 980,Company 3,3,981
Customer 981,Company 3,3,982
Customer 982,Company 3,3,983
Customer 983,Company 3,3,984
Customer 984,Company 3,3,985
Customer 985,Company 3,3,986
Customer 986,Company 3,3,987
Customer 987,Company 3,3,988
Customer 988,Company 3,3,989
Customer 989,Company 3,3,990
Customer 990,Company 3,3,991
Customer 991,Company 3,3,992
Customer 992,Company 3,3,993
Customer 993,Company 3,3,994
Customer 994,Company 3,3,995
Customer 995,Company 3,3,996
Customer 996,Company 3,3,997
Customer 997,Company 3,3,998
Customer 998,Company 3,3,999
Customer 999,Company 3,3,1000
Customer 1000,Company 3,3,1001
Customer 1001,Company 3,3,1002
Customer 1002,Company 3,3,1003
Customer 1003,Company 3,3,1004
Customer 1004,Company 3,3,1005
Customer 1005,Company 3,3,1006
Customer 1006,Company 3,3,1007
Customer 1007,Company 3,3,1008
Customer 1008,Company 3,3,1009
Customer 1009,Company 3,3,1010
Customer 1010,Company 3,3,1011
Customer 1011,Company 3,3,1012
Customer 1012,Company 3,3,1013
Customer 1013,Company 3,3,1014
Customer 1014,Company 3,3,1015
Customer 1015,Company 3,3,1016
Customer 1016,Company 3,3,1017
Customer 1017,Company 3,3,1018
Customer 1018,Company 3,3,1019
Customer 1019,Company 3,3,1020
Customer 1020,Company 3,3,1021
Customer 1021,Company 3,3,1022
Customer 1022,Company 3,3,1023
Customer 1023,Company 3,3,1024
Customer 1024,Company 3,3,1025
Customer 1025,Company 3,3,1026
Customer 1026,Company 3,3,1027
Customer 1027,Company 3,3,1028
Customer 1028,Company 3,3,1029
Customer 1029,Company 3,3,1030
Customer 1030,Company 3,3,1031
Customer 1031,Company 3,3,1032
Customer 1032,Company 3,3,1033
Customer 1033,Company 3,3,1034
Customer 1034,Company 3,3,1035
Customer 1035,Company 3,3,1036
Customer 1036,Company 3,3,1037
Customer 1037,Company 3,3,1038
Customer 1038,Company 3,3,1039
Customer 1039,Company 3,3,1040
Customer 1040,Company 3,3,1041
Customer 1041,Company 3,3,1042
Customer 1042,Company 3,3,1043
Customer 1043,Company 3,3,1044
Customer 1044,Company 3,3,1045
Customer 1045,Company 3,3,1046
Customer 1046,Company 3,3,1047
Customer 1047,Company 3,3,1048
Customer 1048,Company 3,3,1049
Customer 1049,Company 3,3,1050
Customer 1050,Company 3,3,1051
Customer 1051,Company 3,3,1052
Customer 1052,Company 3,3,1053
Customer 1053,Company 3,3,1054
Customer 1054,Company 3,3,1055
Customer 1055,Company 3,3,1056
Customer 1056,Company 3,3,1057
Customer 1057,Company 3,3,1058
Customer 1058,Company 3,3,1059
Customer 1059,Company 3,3,1060
Customer 1060,Company 3,3,1061
Customer 1061,Company 3,3,1062
Customer 1062,Company 3,3,1063
Customer 1063,Company 3,3,1064
Customer 1064,Company 3,3,1065
Customer 1065,Company 3,3,1066
Customer 1066,Company 3,3,1067
Customer 1067,Company 3,3,1068
Customer 1068,Company 3,3,1069
Customer 1069,Company 3,3,1070
Customer 1070,Company 3,3,1071
Customer 1071,Company 3,3,1072
Customer 1072,Company 3,3,1073
Customer 1073,Company 3,3,1074
Customer 1074,Company 3,3,1075
Customer 1075,Company 3,3,1076
Customer 1076,Company 3,3,1077
Customer 1077,Company 3,3,1078
Customer 1078,Company 3,3,1079
Customer 1079,Company 3,3,1080
Customer 1080,Company 3,3,1081
Customer 1081,Company 3,3,1082
Customer 1082,Company 3,3,1083
Customer 1083,Company 3,3,1084
Customer 1084,Company 3,3,1085
Customer 1085,Company 3,3,1086
Customer 1086,Company 3,3,1087
Customer 1087,Company 3,3,1088
Customer 1088,Company 3,3,1089
Customer 1089,Company 3,3,1090
Customer 1090,Company 3,3,1091
Customer 1091,Company 3,3,1092
Customer 1092,Company 3,3,1093
Customer 1093,Company 3,3,1094
Customer 1094,Company 3,3,1095
Customer 1095,Company 3,3,1096
Customer 1096,Company 3,3,1097
Customer 1097,Company 3,3,1098
Customer 1098,Company 3,3,1099
Customer 1099,Company 3,3,1100
Customer 1100,Company 3,3,1101
Customer 1101,Company 3,3,1102
Customer 1102,Company 3,3,1103
Customer 1103,Company 3,3,1104
Customer 1104,Company 3,3,1105
Customer 1105,Company 3,3,1106
Customer 1106,Company 3,3,1107
Customer 1107,Company 3,3,1108
Customer 1108,Company 3,3,1109
Customer 1109,Company 3,3,1110
Customer 1110,Company 3,3,1111
Customer 1111,Company 3,3,1112
Customer 1112,Company 3,3,1113
